designation,category,weightPerMeter
ISMB100,ISMB,20
ISMB125,ISMB,25
ISMB150,ISMB,30
ISMB175,ISMB,35
ISMB200,ISMB,40
ISMB225,ISMB,45
ISMB250,ISMB,50
ISMB275,ISMB,55
ISMB300,ISMB,60
ISMB325,ISMB,65
ISMB350,ISMB,70
ISMB375,ISMB,75
ISMB400,ISMB,80
ISMB425,ISMB,85
ISMB450,ISMB,90
ISMB475,ISMB,95
ISMB500,ISMB,100
ISMB525,ISMB,105
ISMB550,ISMB,110
ISMB575,ISMB,115
ISMB600,ISMB,120
ISMB625,ISMB,125
ISMC75,ISMC,13.5
ISMC100,ISMC,18
ISMC125,ISMC,22.5
ISMC150,ISMC,27
ISMC175,ISMC,31.5
ISMC200,ISMC,36
ISMC225,ISMC,40.5
ISMC250,ISMC,45
ISMC275,ISMC,49.5
ISMC300,ISMC,54
ISMC325,ISMC,58.5
ISMC350,ISMC,63
ISMC375,ISMC,67.5
ISMC400,ISMC,72
ISA25x25x3,ISA_Equal,1.18
ISA25x25x4,ISA_Equal,1.57
ISA25x25x5,ISA_Equal,1.96
ISA25x25x6,ISA_Equal,2.35
ISA25x25x8,ISA_Equal,3.14
ISA25x25x10,ISA_Equal,3.92
ISA25x25x12,ISA_Equal,4.71
ISA30x30x3,ISA_Equal,1.41
ISA30x30x4,ISA_Equal,1.88
ISA30x30x5,ISA_Equal,2.35
ISA30x30x6,ISA_Equal,2.83
ISA30x30x8,ISA_Equal,3.77
ISA30x30x10,ISA_Equal,4.71
ISA30x30x12,ISA_Equal,5.65
ISA35x35x3,ISA_Equal,1.65
ISA35x35x4,ISA_Equal,2.2
ISA35x35x5,ISA_Equal,2.75
ISA35x35x6,ISA_Equal,3.3
ISA35x35x8,ISA_Equal,4.4
ISA35x35x10,ISA_Equal,5.49
ISA35x35x12,ISA_Equal,6.59
ISA40x40x3,ISA_Equal,1.88
ISA40x40x4,ISA_Equal,2.51
ISA40x40x5,ISA_Equal,3.14
ISA40x40x6,ISA_Equal,3.77
ISA40x40x8,ISA_Equal,5.02
ISA40x40x10,ISA_Equal,6.28
ISA40x40x12,ISA_Equal,7.54
ISA45x45x3,ISA_Equal,2.12
ISA45x45x4,ISA_Equal,2.83
ISA45x45x5,ISA_Equal,3.53
ISA45x45x6,ISA_Equal,4.24
ISA45x45x8,ISA_Equal,5.65
ISA45x45x10,ISA_Equal,7.06
ISA45x45x12,ISA_Equal,8.48
ISA50x50x3,ISA_Equal,2.35
ISA50x50x4,ISA_Equal,3.14
ISA50x50x5,ISA_Equal,3.92
ISA50x50x6,ISA_Equal,4.71
ISA50x50x8,ISA_Equal,6.28
ISA50x50x10,ISA_Equal,7.85
ISA50x50x12,ISA_Equal,9.42
ISA55x55x3,ISA_Equal,2.59
ISA55x55x4,ISA_Equal,3.45
ISA55x55x5,ISA_Equal,4.32
ISA55x55x6,ISA_Equal,5.18
ISA55x55x8,ISA_Equal,6.91
ISA55x55x10,ISA_Equal,8.63
ISA55x55x12,ISA_Equal,10.36
ISA60x60x3,ISA_Equal,2.83
ISA60x60x4,ISA_Equal,3.77
ISA60x60x5,ISA_Equal,4.71
ISA60x60x6,ISA_Equal,5.65
ISA60x60x8,ISA_Equal,7.54
ISA60x60x10,ISA_Equal,9.42
ISA60x60x12,ISA_Equal,11.3
ISA65x65x3,ISA_Equal,3.06
ISA65x65x4,ISA_Equal,4.08
ISA65x65x5,ISA_Equal,5.1
ISA65x65x6,ISA_Equal,6.12
ISA65x65x8,ISA_Equal,8.16
ISA65x65x10,ISA_Equal,10.2
ISA65x65x12,ISA_Equal,12.25
ISA70x70x3,ISA_Equal,3.3
ISA70x70x4,ISA_Equal,4.4
ISA70x70x5,ISA_Equal,5.49
ISA70x70x6,ISA_Equal,6.59
ISA70x70x8,ISA_Equal,8.79
ISA70x70x10,ISA_Equal,10.99
ISA70x70x12,ISA_Equal,13.19
ISA75x75x3,ISA_Equal,3.53
ISA75x75x4,ISA_Equal,4.71
ISA75x75x5,ISA_Equal,5.89
ISA75x75x6,ISA_Equal,7.06
ISA75x75x8,ISA_Equal,9.42
ISA75x75x10,ISA_Equal,11.77
ISA75x75x12,ISA_Equal,14.13
ISA80x80x3,ISA_Equal,3.77
ISA80x80x4,ISA_Equal,5.02
ISA80x80x5,ISA_Equal,6.28
ISA80x80x6,ISA_Equal,7.54
ISA80x80x8,ISA_Equal,10.05
ISA80x80x10,ISA_Equal,12.56
ISA80x80x12,ISA_Equal,15.07
ISA85x85x3,ISA_Equal,4
ISA85x85x4,ISA_Equal,5.34
ISA85x85x5,ISA_Equal,6.67
ISA85x85x6,ISA_Equal,8.01
ISA85x85x8,ISA_Equal,10.68
ISA85x85x10,ISA_Equal,13.34
ISA85x85x12,ISA_Equal,16.01
ISA90x90x3,ISA_Equal,4.24
ISA90x90x4,ISA_Equal,5.65
ISA90x90x5,ISA_Equal,7.06
ISA90x90x6,ISA_Equal,8.48
ISA90x90x8,ISA_Equal,11.3
ISA90x90x10,ISA_Equal,14.13
ISA90x90x12,ISA_Equal,16.96
ISA95x95x3,ISA_Equal,4.47
ISA95x95x4,ISA_Equal,5.97
ISA95x95x5,ISA_Equal,7.46
ISA95x95x6,ISA_Equal,8.95
ISA95x95x8,ISA_Equal,11.93
ISA95x95x10,ISA_Equal,14.91
ISA95x95x12,ISA_Equal,17.9
ISA100x100x3,ISA_Equal,4.71
ISA100x100x4,ISA_Equal,6.28
ISA100x100x5,ISA_Equal,7.85
ISA100x100x6,ISA_Equal,9.42
ISA100x100x8,ISA_Equal,12.56
ISA100x100x10,ISA_Equal,15.7
ISA100x100x12,ISA_Equal,18.84
ISA105x105x3,ISA_Equal,4.95
ISA105x105x4,ISA_Equal,6.59
ISA105x105x5,ISA_Equal,8.24
ISA105x105x6,ISA_Equal,9.89
ISA105x105x8,ISA_Equal,13.19
ISA105x105x10,ISA_Equal,16.48
ISA105x105x12,ISA_Equal,19.78
ISA110x110x3,ISA_Equal,5.18
ISA110x110x4,ISA_Equal,6.91
ISA110x110x5,ISA_Equal,8.63
ISA110x110x6,ISA_Equal,10.36
ISA110x110x8,ISA_Equal,13.82
ISA110x110x10,ISA_Equal,17.27
ISA110x110x12,ISA_Equal,20.72
ISA115x115x3,ISA_Equal,5.42
ISA115x115x4,ISA_Equal,7.22
ISA115x115x5,ISA_Equal,9.03
ISA115x115x6,ISA_Equal,10.83
ISA115x115x8,ISA_Equal,14.44
ISA115x115x10,ISA_Equal,18.05
ISA115x115x12,ISA_Equal,21.67
ISA120x120x3,ISA_Equal,5.65
ISA120x120x4,ISA_Equal,7.54
ISA120x120x5,ISA_Equal,9.42
ISA120x120x6,ISA_Equal,11.3
ISA120x120x8,ISA_Equal,15.07
ISA120x120x10,ISA_Equal,18.84
ISA120x120x12,ISA_Equal,22.61
ISA125x125x3,ISA_Equal,5.89
ISA125x125x4,ISA_Equal,7.85
ISA125x125x5,ISA_Equal,9.81
ISA125x125x6,ISA_Equal,11.77
ISA125x125x8,ISA_Equal,15.7
ISA125x125x10,ISA_Equal,19.62
ISA125x125x12,ISA_Equal,23.55
ISA130x130x3,ISA_Equal,6.12
ISA130x130x4,ISA_Equal,8.16
ISA130x130x5,ISA_Equal,10.2
ISA130x130x6,ISA_Equal,12.25
ISA130x130x8,ISA_Equal,16.33
ISA130x130x10,ISA_Equal,20.41
ISA130x130x12,ISA_Equal,24.49
ISA135x135x3,ISA_Equal,6.36
ISA135x135x4,ISA_Equal,8.48
ISA135x135x5,ISA_Equal,10.6
ISA135x135x6,ISA_Equal,12.72
ISA135x135x8,ISA_Equal,16.96
ISA135x135x10,ISA_Equal,21.19
ISA135x135x12,ISA_Equal,25.43
ISA140x140x3,ISA_Equal,6.59
ISA140x140x4,ISA_Equal,8.79
ISA140x140x5,ISA_Equal,10.99
ISA140x140x6,ISA_Equal,13.19
ISA140x140x8,ISA_Equal,17.58
ISA140x140x10,ISA_Equal,21.98
ISA140x140x12,ISA_Equal,26.38
ISA145x145x3,ISA_Equal,6.83
ISA145x145x4,ISA_Equal,9.11
ISA145x145x5,ISA_Equal,11.38
ISA145x145x6,ISA_Equal,13.66
ISA145x145x8,ISA_Equal,18.21
ISA145x145x10,ISA_Equal,22.76
ISA145x145x12,ISA_Equal,27.32
ISA150x150x3,ISA_Equal,7.06
ISA150x150x4,ISA_Equal,9.42
ISA150x150x5,ISA_Equal,11.77
ISA150x150x6,ISA_Equal,14.13
ISA150x150x8,ISA_Equal,18.84
ISA150x150x10,ISA_Equal,23.55
ISA150x150x12,ISA_Equal,28.26
ISA155x155x3,ISA_Equal,7.3
ISA155x155x4,ISA_Equal,9.73
ISA155x155x5,ISA_Equal,12.17
ISA155x155x6,ISA_Equal,14.6
ISA155x155x8,ISA_Equal,19.47
ISA155x155x10,ISA_Equal,24.33
ISA155x155x12,ISA_Equal,29.2
ISA160x160x3,ISA_Equal,7.54
ISA160x160x4,ISA_Equal,10.05
ISA160x160x5,ISA_Equal,12.56
ISA160x160x6,ISA_Equal,15.07
ISA160x160x8,ISA_Equal,20.1
ISA160x160x10,ISA_Equal,25.12
ISA160x160x12,ISA_Equal,30.14
ISA165x165x3,ISA_Equal,7.77
ISA165x165x4,ISA_Equal,10.36
ISA165x165x5,ISA_Equal,12.95
ISA165x165x6,ISA_Equal,15.54
ISA165x165x8,ISA_Equal,20.72
ISA165x165x10,ISA_Equal,25.9
ISA165x165x12,ISA_Equal,31.09
ISA170x170x3,ISA_Equal,8.01
ISA170x170x4,ISA_Equal,10.68
ISA170x170x5,ISA_Equal,13.34
ISA170x170x6,ISA_Equal,16.01
ISA170x170x8,ISA_Equal,21.35
ISA170x170x10,ISA_Equal,26.69
ISA170x170x12,ISA_Equal,32.03
ISA175x175x3,ISA_Equal,8.24
ISA175x175x4,ISA_Equal,10.99
ISA175x175x5,ISA_Equal,13.74
ISA175x175x6,ISA_Equal,16.48
ISA175x175x8,ISA_Equal,21.98
ISA175x175x10,ISA_Equal,27.47
ISA175x175x12,ISA_Equal,32.97
ISA180x180x3,ISA_Equal,8.48
ISA180x180x4,ISA_Equal,11.3
ISA180x180x5,ISA_Equal,14.13
ISA180x180x6,ISA_Equal,16.96
ISA180x180x8,ISA_Equal,22.61
ISA180x180x10,ISA_Equal,28.26
ISA180x180x12,ISA_Equal,33.91
ISA185x185x3,ISA_Equal,8.71
ISA185x185x4,ISA_Equal,11.62
ISA185x185x5,ISA_Equal,14.52
ISA185x185x6,ISA_Equal,17.43
ISA185x185x8,ISA_Equal,23.24
ISA185x185x10,ISA_Equal,29.04
ISA185x185x12,ISA_Equal,34.85
ISA190x190x3,ISA_Equal,8.95
ISA190x190x4,ISA_Equal,11.93
ISA190x190x5,ISA_Equal,14.91
ISA190x190x6,ISA_Equal,17.9
ISA190x190x8,ISA_Equal,23.86
ISA190x190x10,ISA_Equal,29.83
ISA190x190x12,ISA_Equal,35.8
ISA195x195x3,ISA_Equal,9.18
ISA195x195x4,ISA_Equal,12.25
ISA195x195x5,ISA_Equal,15.31
ISA195x195x6,ISA_Equal,18.37
ISA195x195x8,ISA_Equal,24.49
ISA195x195x10,ISA_Equal,30.61
ISA195x195x12,ISA_Equal,36.74
ISA200x200x3,ISA_Equal,9.42
ISA200x200x4,ISA_Equal,12.56
ISA200x200x5,ISA_Equal,15.7
ISA200x200x6,ISA_Equal,18.84
ISA200x200x8,ISA_Equal,25.12
ISA200x200x10,ISA_Equal,31.4
ISA200x200x12,ISA_Equal,37.68
ISA50x30x5,ISA_Unequal,3.14
ISA50x30x6,ISA_Unequal,3.77
ISA50x30x8,ISA_Unequal,5.02
ISA50x30x10,ISA_Unequal,6.28
ISA50x40x5,ISA_Unequal,3.53
ISA50x40x6,ISA_Unequal,4.24
ISA50x40x8,ISA_Unequal,5.65
ISA50x40x10,ISA_Unequal,7.06
ISA60x30x5,ISA_Unequal,3.53
ISA60x30x6,ISA_Unequal,4.24
ISA60x30x8,ISA_Unequal,5.65
ISA60x30x10,ISA_Unequal,7.06
ISA60x40x5,ISA_Unequal,3.92
ISA60x40x6,ISA_Unequal,4.71
ISA60x40x8,ISA_Unequal,6.28
ISA60x40x10,ISA_Unequal,7.85
ISA60x50x5,ISA_Unequal,4.32
ISA60x50x6,ISA_Unequal,5.18
ISA60x50x8,ISA_Unequal,6.91
ISA60x50x10,ISA_Unequal,8.63
ISA70x30x5,ISA_Unequal,3.92
ISA70x30x6,ISA_Unequal,4.71
ISA70x30x8,ISA_Unequal,6.28
ISA70x30x10,ISA_Unequal,7.85
ISA70x40x5,ISA_Unequal,4.32
ISA70x40x6,ISA_Unequal,5.18
ISA70x40x8,ISA_Unequal,6.91
ISA70x40x10,ISA_Unequal,8.63
ISA70x50x5,ISA_Unequal,4.71
ISA70x50x6,ISA_Unequal,5.65
ISA70x50x8,ISA_Unequal,7.54
ISA70x50x10,ISA_Unequal,9.42
ISA70x60x5,ISA_Unequal,5.1
ISA70x60x6,ISA_Unequal,6.12
ISA70x60x8,ISA_Unequal,8.16
ISA70x60x10,ISA_Unequal,10.2
ISA80x30x5,ISA_Unequal,4.32
ISA80x30x6,ISA_Unequal,5.18
ISA80x30x8,ISA_Unequal,6.91
ISA80x30x10,ISA_Unequal,8.63
ISA80x40x5,ISA_Unequal,4.71
ISA80x40x6,ISA_Unequal,5.65
ISA80x40x8,ISA_Unequal,7.54
ISA80x40x10,ISA_Unequal,9.42
ISA80x50x5,ISA_Unequal,5.1
ISA80x50x6,ISA_Unequal,6.12
ISA80x50x8,ISA_Unequal,8.16
ISA80x50x10,ISA_Unequal,10.2
ISA80x60x5,ISA_Unequal,5.49
ISA80x60x6,ISA_Unequal,6.59
ISA80x60x8,ISA_Unequal,8.79
ISA80x60x10,ISA_Unequal,10.99
ISA80x70x5,ISA_Unequal,5.89
ISA80x70x6,ISA_Unequal,7.06
ISA80x70x8,ISA_Unequal,9.42
ISA80x70x10,ISA_Unequal,11.77
ISA90x30x5,ISA_Unequal,4.71
ISA90x30x6,ISA_Unequal,5.65
ISA90x30x8,ISA_Unequal,7.54
ISA90x30x10,ISA_Unequal,9.42
ISA90x40x5,ISA_Unequal,5.1
ISA90x40x6,ISA_Unequal,6.12
ISA90x40x8,ISA_Unequal,8.16
ISA90x40x10,ISA_Unequal,10.2
ISA90x50x5,ISA_Unequal,5.49
ISA90x50x6,ISA_Unequal,6.59
ISA90x50x8,ISA_Unequal,8.79
ISA90x50x10,ISA_Unequal,10.99
ISA90x60x5,ISA_Unequal,5.89
ISA90x60x6,ISA_Unequal,7.06
ISA90x60x8,ISA_Unequal,9.42
ISA90x60x10,ISA_Unequal,11.77
ISA90x70x5,ISA_Unequal,6.28
ISA90x70x6,ISA_Unequal,7.54
ISA90x70x8,ISA_Unequal,10.05
ISA90x70x10,ISA_Unequal,12.56
ISA90x80x5,ISA_Unequal,6.67
ISA90x80x6,ISA_Unequal,8.01
ISA90x80x8,ISA_Unequal,10.68
ISA90x80x10,ISA_Unequal,13.34
ISA100x30x5,ISA_Unequal,5.1
ISA100x30x6,ISA_Unequal,6.12
ISA100x30x8,ISA_Unequal,8.16
ISA100x30x10,ISA_Unequal,10.2
ISA100x40x5,ISA_Unequal,5.49
ISA100x40x6,ISA_Unequal,6.59
ISA100x40x8,ISA_Unequal,8.79
ISA100x40x10,ISA_Unequal,10.99
ISA100x50x5,ISA_Unequal,5.89
ISA100x50x6,ISA_Unequal,7.06
ISA100x50x8,ISA_Unequal,9.42
ISA100x50x10,ISA_Unequal,11.77
ISA100x60x5,ISA_Unequal,6.28
ISA100x60x6,ISA_Unequal,7.54
ISA100x60x8,ISA_Unequal,10.05
ISA100x60x10,ISA_Unequal,12.56
ISA100x70x5,ISA_Unequal,6.67
ISA100x70x6,ISA_Unequal,8.01
ISA100x70x8,ISA_Unequal,10.68
ISA100x70x10,ISA_Unequal,13.34
ISA100x80x5,ISA_Unequal,7.06
ISA100x80x6,ISA_Unequal,8.48
ISA100x80x8,ISA_Unequal,11.3
ISA100x80x10,ISA_Unequal,14.13
ISA100x90x5,ISA_Unequal,7.46
ISA100x90x6,ISA_Unequal,8.95
ISA100x90x8,ISA_Unequal,11.93
ISA100x90x10,ISA_Unequal,14.91
ISA110x30x5,ISA_Unequal,5.49
ISA110x30x6,ISA_Unequal,6.59
ISA110x30x8,ISA_Unequal,8.79
ISA110x30x10,ISA_Unequal,10.99
ISA110x40x5,ISA_Unequal,5.89
ISA110x40x6,ISA_Unequal,7.06
ISA110x40x8,ISA_Unequal,9.42
ISA110x40x10,ISA_Unequal,11.77
ISA110x50x5,ISA_Unequal,6.28
ISA110x50x6,ISA_Unequal,7.54
ISA110x50x8,ISA_Unequal,10.05
ISA110x50x10,ISA_Unequal,12.56
ISA110x60x5,ISA_Unequal,6.67
ISA110x60x6,ISA_Unequal,8.01
ISA110x60x8,ISA_Unequal,10.68
ISA110x60x10,ISA_Unequal,13.34
ISA110x70x5,ISA_Unequal,7.06
ISA110x70x6,ISA_Unequal,8.48
ISA110x70x8,ISA_Unequal,11.3
ISA110x70x10,ISA_Unequal,14.13
ISA110x80x5,ISA_Unequal,7.46
ISA110x80x6,ISA_Unequal,8.95
ISA110x80x8,ISA_Unequal,11.93
ISA110x80x10,ISA_Unequal,14.91
ISA110x90x5,ISA_Unequal,7.85
ISA110x90x6,ISA_Unequal,9.42
ISA110x90x8,ISA_Unequal,12.56
ISA110x90x10,ISA_Unequal,15.7
ISA110x100x5,ISA_Unequal,8.24
ISA110x100x6,ISA_Unequal,9.89
ISA110x100x8,ISA_Unequal,13.19
ISA110x100x10,ISA_Unequal,16.48
ISA120x30x5,ISA_Unequal,5.89
ISA120x30x6,ISA_Unequal,7.06
ISA120x30x8,ISA_Unequal,9.42
ISA120x30x10,ISA_Unequal,11.77
ISA120x40x5,ISA_Unequal,6.28
ISA120x40x6,ISA_Unequal,7.54
ISA120x40x8,ISA_Unequal,10.05
ISA120x40x10,ISA_Unequal,12.56
ISA120x50x5,ISA_Unequal,6.67
ISA120x50x6,ISA_Unequal,8.01
ISA120x50x8,ISA_Unequal,10.68
ISA120x50x10,ISA_Unequal,13.34
ISA120x60x5,ISA_Unequal,7.06
ISA120x60x6,ISA_Unequal,8.48
ISA120x60x8,ISA_Unequal,11.3
ISA120x60x10,ISA_Unequal,14.13
ISA120x70x5,ISA_Unequal,7.46
ISA120x70x6,ISA_Unequal,8.95
ISA120x70x8,ISA_Unequal,11.93
ISA120x70x10,ISA_Unequal,14.91
ISA120x80x5,ISA_Unequal,7.85
ISA120x80x6,ISA_Unequal,9.42
ISA120x80x8,ISA_Unequal,12.56
ISA120x80x10,ISA_Unequal,15.7
ISA120x90x5,ISA_Unequal,8.24
ISA120x90x6,ISA_Unequal,9.89
ISA120x90x8,ISA_Unequal,13.19
ISA120x90x10,ISA_Unequal,16.48
ISA120x100x5,ISA_Unequal,8.63
ISA120x100x6,ISA_Unequal,10.36
ISA120x100x8,ISA_Unequal,13.82
ISA120x100x10,ISA_Unequal,17.27
ISA120x110x5,ISA_Unequal,9.03
ISA120x110x6,ISA_Unequal,10.83
ISA120x110x8,ISA_Unequal,14.44
ISA120x110x10,ISA_Unequal,18.05
ISA130x30x5,ISA_Unequal,6.28
ISA130x30x6,ISA_Unequal,7.54
ISA130x30x8,ISA_Unequal,10.05
ISA130x30x10,ISA_Unequal,12.56
ISA130x40x5,ISA_Unequal,6.67
ISA130x40x6,ISA_Unequal,8.01
ISA130x40x8,ISA_Unequal,10.68
ISA130x40x10,ISA_Unequal,13.34
ISA130x50x5,ISA_Unequal,7.06
ISA130x50x6,ISA_Unequal,8.48
ISA130x50x8,ISA_Unequal,11.3
ISA130x50x10,ISA_Unequal,14.13
ISA130x60x5,ISA_Unequal,7.46
ISA130x60x6,ISA_Unequal,8.95
ISA130x60x8,ISA_Unequal,11.93
ISA130x60x10,ISA_Unequal,14.91
ISA130x70x5,ISA_Unequal,7.85
ISA130x70x6,ISA_Unequal,9.42
ISA130x70x8,ISA_Unequal,12.56
ISA130x70x10,ISA_Unequal,15.7
ISA130x80x5,ISA_Unequal,8.24
ISA130x80x6,ISA_Unequal,9.89
ISA130x80x8,ISA_Unequal,13.19
ISA130x80x10,ISA_Unequal,16.48
ISA130x90x5,ISA_Unequal,8.63
ISA130x90x6,ISA_Unequal,10.36
ISA130x90x8,ISA_Unequal,13.82
ISA130x90x10,ISA_Unequal,17.27
ISA130x100x5,ISA_Unequal,9.03
ISA130x100x6,ISA_Unequal,10.83
ISA130x100x8,ISA_Unequal,14.44
ISA130x100x10,ISA_Unequal,18.05
ISA130x110x5,ISA_Unequal,9.42
ISA130x110x6,ISA_Unequal,11.3
ISA130x110x8,ISA_Unequal,15.07
ISA130x110x10,ISA_Unequal,18.84
ISA130x120x5,ISA_Unequal,9.81
ISA130x120x6,ISA_Unequal,11.77
ISA130x120x8,ISA_Unequal,15.7
ISA130x120x10,ISA_Unequal,19.62
ISA140x30x5,ISA_Unequal,6.67
ISA140x30x6,ISA_Unequal,8.01
ISA140x30x8,ISA_Unequal,10.68
ISA140x30x10,ISA_Unequal,13.34
ISA140x40x5,ISA_Unequal,7.06
ISA140x40x6,ISA_Unequal,8.48
ISA140x40x8,ISA_Unequal,11.3
ISA140x40x10,ISA_Unequal,14.13
ISA140x50x5,ISA_Unequal,7.46
ISA140x50x6,ISA_Unequal,8.95
ISA140x50x8,ISA_Unequal,11.93
ISA140x50x10,ISA_Unequal,14.91
ISA140x60x5,ISA_Unequal,7.85
ISA140x60x6,ISA_Unequal,9.42
ISA140x60x8,ISA_Unequal,12.56
ISA140x60x10,ISA_Unequal,15.7
ISA140x70x5,ISA_Unequal,8.24
ISA140x70x6,ISA_Unequal,9.89
ISA140x70x8,ISA_Unequal,13.19
ISA140x70x10,ISA_Unequal,16.48
ISA140x80x5,ISA_Unequal,8.63
ISA140x80x6,ISA_Unequal,10.36
ISA140x80x8,ISA_Unequal,13.82
ISA140x80x10,ISA_Unequal,17.27
ISA140x90x5,ISA_Unequal,9.03
ISA140x90x6,ISA_Unequal,10.83
ISA140x90x8,ISA_Unequal,14.44
ISA140x90x10,ISA_Unequal,18.05
ISA140x100x5,ISA_Unequal,9.42
ISA140x100x6,ISA_Unequal,11.3
ISA140x100x8,ISA_Unequal,15.07
ISA140x100x10,ISA_Unequal,18.84
ISA140x110x5,ISA_Unequal,9.81
ISA140x110x6,ISA_Unequal,11.77
ISA140x110x8,ISA_Unequal,15.7
ISA140x110x10,ISA_Unequal,19.62
ISA140x120x5,ISA_Unequal,10.2
ISA140x120x6,ISA_Unequal,12.25
ISA140x120x8,ISA_Unequal,16.33
ISA140x120x10,ISA_Unequal,20.41
ISA140x130x5,ISA_Unequal,10.6
ISA140x130x6,ISA_Unequal,12.72
ISA140x130x8,ISA_Unequal,16.96
ISA140x130x10,ISA_Unequal,21.19
ISA150x30x5,ISA_Unequal,7.06
ISA150x30x6,ISA_Unequal,8.48
ISA150x30x8,ISA_Unequal,11.3
ISA150x30x10,ISA_Unequal,14.13
ISA150x40x5,ISA_Unequal,7.46
ISA150x40x6,ISA_Unequal,8.95
ISA150x40x8,ISA_Unequal,11.93
ISA150x40x10,ISA_Unequal,14.91
ISA150x50x5,ISA_Unequal,7.85
ISA150x50x6,ISA_Unequal,9.42
ISA150x50x8,ISA_Unequal,12.56
ISA150x50x10,ISA_Unequal,15.7
ISA150x60x5,ISA_Unequal,8.24
ISA150x60x6,ISA_Unequal,9.89
ISA150x60x8,ISA_Unequal,13.19
ISA150x60x10,ISA_Unequal,16.48
ISA150x70x5,ISA_Unequal,8.63
ISA150x70x6,ISA_Unequal,10.36
ISA150x70x8,ISA_Unequal,13.82
ISA150x70x10,ISA_Unequal,17.27
ISA150x80x5,ISA_Unequal,9.03
ISA150x80x6,ISA_Unequal,10.83
ISA150x80x8,ISA_Unequal,14.44
ISA150x80x10,ISA_Unequal,18.05
ISA150x90x5,ISA_Unequal,9.42
ISA150x90x6,ISA_Unequal,11.3
ISA150x90x8,ISA_Unequal,15.07
ISA150x90x10,ISA_Unequal,18.84
ISA150x100x5,ISA_Unequal,9.81
ISA150x100x6,ISA_Unequal,11.77
ISA150x100x8,ISA_Unequal,15.7
ISA150x100x10,ISA_Unequal,19.62
ISA150x110x5,ISA_Unequal,10.2
ISA150x110x6,ISA_Unequal,12.25
ISA150x110x8,ISA_Unequal,16.33
ISA150x110x10,ISA_Unequal,20.41
ISA150x120x5,ISA_Unequal,10.6
ISA150x120x6,ISA_Unequal,12.72
ISA150x120x8,ISA_Unequal,16.96
ISA150x120x10,ISA_Unequal,21.19
ISA150x130x5,ISA_Unequal,10.99
ISA150x130x6,ISA_Unequal,13.19
ISA150x130x8,ISA_Unequal,17.58
ISA150x130x10,ISA_Unequal,21.98
ISA150x140x5,ISA_Unequal,11.38
ISA150x140x6,ISA_Unequal,13.66
ISA150x140x8,ISA_Unequal,18.21
ISA150x140x10,ISA_Unequal,22.76
ISA160x30x5,ISA_Unequal,7.46
ISA160x30x6,ISA_Unequal,8.95
ISA160x30x8,ISA_Unequal,11.93
ISA160x30x10,ISA_Unequal,14.91
ISA160x40x5,ISA_Unequal,7.85
ISA160x40x6,ISA_Unequal,9.42
ISA160x40x8,ISA_Unequal,12.56
ISA160x40x10,ISA_Unequal,15.7
ISA160x50x5,ISA_Unequal,8.24
ISA160x50x6,ISA_Unequal,9.89
ISA160x50x8,ISA_Unequal,13.19
ISA160x50x10,ISA_Unequal,16.48
ISA160x60x5,ISA_Unequal,8.63
ISA160x60x6,ISA_Unequal,10.36
ISA160x60x8,ISA_Unequal,13.82
ISA160x60x10,ISA_Unequal,17.27
ISA160x70x5,ISA_Unequal,9.03
ISA160x70x6,ISA_Unequal,10.83
ISA160x70x8,ISA_Unequal,14.44
ISA160x70x10,ISA_Unequal,18.05
ISA160x80x5,ISA_Unequal,9.42
ISA160x80x6,ISA_Unequal,11.3
ISA160x80x8,ISA_Unequal,15.07
ISA160x80x10,ISA_Unequal,18.84
ISA160x90x5,ISA_Unequal,9.81
ISA160x90x6,ISA_Unequal,11.77
ISA160x90x8,ISA_Unequal,15.7
ISA160x90x10,ISA_Unequal,19.62
ISA160x100x5,ISA_Unequal,10.2
ISA160x100x6,ISA_Unequal,12.25
ISA160x100x8,ISA_Unequal,16.33
ISA160x100x10,ISA_Unequal,20.41
ISA160x110x5,ISA_Unequal,10.6
ISA160x110x6,ISA_Unequal,12.72
ISA160x110x8,ISA_Unequal,16.96
ISA160x110x10,ISA_Unequal,21.19
ISA160x120x5,ISA_Unequal,10.99
ISA160x120x6,ISA_Unequal,13.19
ISA160x120x8,ISA_Unequal,17.58
ISA160x120x10,ISA_Unequal,21.98
ISA160x130x5,ISA_Unequal,11.38
ISA160x130x6,ISA_Unequal,13.66
ISA160x130x8,ISA_Unequal,18.21
ISA160x130x10,ISA_Unequal,22.76
ISA160x140x5,ISA_Unequal,11.77
ISA160x140x6,ISA_Unequal,14.13
ISA160x140x8,ISA_Unequal,18.84
ISA160x140x10,ISA_Unequal,23.55
ISA160x150x5,ISA_Unequal,12.17
ISA160x150x6,ISA_Unequal,14.6
ISA160x150x8,ISA_Unequal,19.47
ISA160x150x10,ISA_Unequal,24.33
ISA170x30x5,ISA_Unequal,7.85
ISA170x30x6,ISA_Unequal,9.42
ISA170x30x8,ISA_Unequal,12.56
ISA170x30x10,ISA_Unequal,15.7
ISA170x40x5,ISA_Unequal,8.24
ISA170x40x6,ISA_Unequal,9.89
ISA170x40x8,ISA_Unequal,13.19
ISA170x40x10,ISA_Unequal,16.48
ISA170x50x5,ISA_Unequal,8.63
ISA170x50x6,ISA_Unequal,10.36
ISA170x50x8,ISA_Unequal,13.82
ISA170x50x10,ISA_Unequal,17.27
ISA170x60x5,ISA_Unequal,9.03
ISA170x60x6,ISA_Unequal,10.83
ISA170x60x8,ISA_Unequal,14.44
ISA170x60x10,ISA_Unequal,18.05
ISA170x70x5,ISA_Unequal,9.42
ISA170x70x6,ISA_Unequal,11.3
ISA170x70x8,ISA_Unequal,15.07
ISA170x70x10,ISA_Unequal,18.84
ISA170x80x5,ISA_Unequal,9.81
ISA170x80x6,ISA_Unequal,11.77
ISA170x80x8,ISA_Unequal,15.7
ISA170x80x10,ISA_Unequal,19.62
ISA170x90x5,ISA_Unequal,10.2
ISA170x90x6,ISA_Unequal,12.25
ISA170x90x8,ISA_Unequal,16.33
ISA170x90x10,ISA_Unequal,20.41
ISA170x100x5,ISA_Unequal,10.6
ISA170x100x6,ISA_Unequal,12.72
ISA170x100x8,ISA_Unequal,16.96
ISA170x100x10,ISA_Unequal,21.19
ISA170x110x5,ISA_Unequal,10.99
ISA170x110x6,ISA_Unequal,13.19
ISA170x110x8,ISA_Unequal,17.58
ISA170x110x10,ISA_Unequal,21.98
ISA170x120x5,ISA_Unequal,11.38
ISA170x120x6,ISA_Unequal,13.66
ISA170x120x8,ISA_Unequal,18.21
ISA170x120x10,ISA_Unequal,22.76
ISA170x130x5,ISA_Unequal,11.77
ISA170x130x6,ISA_Unequal,14.13
ISA170x130x8,ISA_Unequal,18.84
ISA170x130x10,ISA_Unequal,23.55
ISA170x140x5,ISA_Unequal,12.17
ISA170x140x6,ISA_Unequal,14.6
ISA170x140x8,ISA_Unequal,19.47
ISA170x140x10,ISA_Unequal,24.33
ISA170x150x5,ISA_Unequal,12.56
ISA170x150x6,ISA_Unequal,15.07
ISA170x150x8,ISA_Unequal,20.1
ISA170x150x10,ISA_Unequal,25.12
ISA170x160x5,ISA_Unequal,12.95
ISA170x160x6,ISA_Unequal,15.54
ISA170x160x8,ISA_Unequal,20.72
ISA170x160x10,ISA_Unequal,25.9
ISA180x30x5,ISA_Unequal,8.24
ISA180x30x6,ISA_Unequal,9.89
ISA180x30x8,ISA_Unequal,13.19
ISA180x30x10,ISA_Unequal,16.48
ISA180x40x5,ISA_Unequal,8.63
ISA180x40x6,ISA_Unequal,10.36
ISA180x40x8,ISA_Unequal,13.82
ISA180x40x10,ISA_Unequal,17.27
ISA180x50x5,ISA_Unequal,9.03
ISA180x50x6,ISA_Unequal,10.83
ISA180x50x8,ISA_Unequal,14.44
ISA180x50x10,ISA_Unequal,18.05
ISA180x60x5,ISA_Unequal,9.42
ISA180x60x6,ISA_Unequal,11.3
ISA180x60x8,ISA_Unequal,15.07
ISA180x60x10,ISA_Unequal,18.84
ISA180x70x5,ISA_Unequal,9.81
ISA180x70x6,ISA_Unequal,11.77
ISA180x70x8,ISA_Unequal,15.7
ISA180x70x10,ISA_Unequal,19.62
ISA180x80x5,ISA_Unequal,10.2
ISA180x80x6,ISA_Unequal,12.25
ISA180x80x8,ISA_Unequal,16.33
ISA180x80x10,ISA_Unequal,20.41
ISA180x90x5,ISA_Unequal,10.6
ISA180x90x6,ISA_Unequal,12.72
ISA180x90x8,ISA_Unequal,16.96
ISA180x90x10,ISA_Unequal,21.19
ISA180x100x5,ISA_Unequal,10.99
ISA180x100x6,ISA_Unequal,13.19
ISA180x100x8,ISA_Unequal,17.58
ISA180x100x10,ISA_Unequal,21.98
ISA180x110x5,ISA_Unequal,11.38
ISA180x110x6,ISA_Unequal,13.66
ISA180x110x8,ISA_Unequal,18.21
ISA180x110x10,ISA_Unequal,22.76
ISA180x120x5,ISA_Unequal,11.77
ISA180x120x6,ISA_Unequal,14.13
ISA180x120x8,ISA_Unequal,18.84
ISA180x120x10,ISA_Unequal,23.55
ISA180x130x5,ISA_Unequal,12.17
ISA180x130x6,ISA_Unequal,14.6
ISA180x130x8,ISA_Unequal,19.47
ISA180x130x10,ISA_Unequal,24.33
ISA180x140x5,ISA_Unequal,12.56
ISA180x140x6,ISA_Unequal,15.07
ISA180x140x8,ISA_Unequal,20.1
ISA180x140x10,ISA_Unequal,25.12
ISA180x150x5,ISA_Unequal,12.95
ISA180x150x6,ISA_Unequal,15.54
ISA180x150x8,ISA_Unequal,20.72
ISA180x150x10,ISA_Unequal,25.9
ISA180x160x5,ISA_Unequal,13.34
ISA180x160x6,ISA_Unequal,16.01
ISA180x160x8,ISA_Unequal,21.35
ISA180x160x10,ISA_Unequal,26.69
ISA180x170x5,ISA_Unequal,13.74
ISA180x170x6,ISA_Unequal,16.48
ISA180x170x8,ISA_Unequal,21.98
ISA180x170x10,ISA_Unequal,27.47
ISA190x30x5,ISA_Unequal,8.63
ISA190x30x6,ISA_Unequal,10.36
ISA190x30x8,ISA_Unequal,13.82
ISA190x30x10,ISA_Unequal,17.27
ISA190x40x5,ISA_Unequal,9.03
ISA190x40x6,ISA_Unequal,10.83
ISA190x40x8,ISA_Unequal,14.44
ISA190x40x10,ISA_Unequal,18.05
ISA190x50x5,ISA_Unequal,9.42
ISA190x50x6,ISA_Unequal,11.3
ISA190x50x8,ISA_Unequal,15.07
ISA190x50x10,ISA_Unequal,18.84
ISA190x60x5,ISA_Unequal,9.81
ISA190x60x6,ISA_Unequal,11.77
ISA190x60x8,ISA_Unequal,15.7
ISA190x60x10,ISA_Unequal,19.62
ISA190x70x5,ISA_Unequal,10.2
ISA190x70x6,ISA_Unequal,12.25
ISA190x70x8,ISA_Unequal,16.33
ISA190x70x10,ISA_Unequal,20.41
ISA190x80x5,ISA_Unequal,10.6
ISA190x80x6,ISA_Unequal,12.72
ISA190x80x8,ISA_Unequal,16.96
ISA190x80x10,ISA_Unequal,21.19
ISA190x90x5,ISA_Unequal,10.99
ISA190x90x6,ISA_Unequal,13.19
ISA190x90x8,ISA_Unequal,17.58
ISA190x90x10,ISA_Unequal,21.98
ISA190x100x5,ISA_Unequal,11.38
ISA190x100x6,ISA_Unequal,13.66
ISA190x100x8,ISA_Unequal,18.21
ISA190x100x10,ISA_Unequal,22.76
ISA190x110x5,ISA_Unequal,11.77
ISA190x110x6,ISA_Unequal,14.13
ISA190x110x8,ISA_Unequal,18.84
ISA190x110x10,ISA_Unequal,23.55
ISA190x120x5,ISA_Unequal,12.17
ISA190x120x6,ISA_Unequal,14.6
ISA190x120x8,ISA_Unequal,19.47
ISA190x120x10,ISA_Unequal,24.33
ISA190x130x5,ISA_Unequal,12.56
ISA190x130x6,ISA_Unequal,15.07
ISA190x130x8,ISA_Unequal,20.1
ISA190x130x10,ISA_Unequal,25.12
ISA190x140x5,ISA_Unequal,12.95
ISA190x140x6,ISA_Unequal,15.54
ISA190x140x8,ISA_Unequal,20.72
ISA190x140x10,ISA_Unequal,25.9
ISA190x150x5,ISA_Unequal,13.34
ISA190x150x6,ISA_Unequal,16.01
ISA190x150x8,ISA_Unequal,21.35
ISA190x150x10,ISA_Unequal,26.69
ISA190x160x5,ISA_Unequal,13.74
ISA190x160x6,ISA_Unequal,16.48
ISA190x160x8,ISA_Unequal,21.98
ISA190x160x10,ISA_Unequal,27.47
ISA190x170x5,ISA_Unequal,14.13
ISA190x170x6,ISA_Unequal,16.96
ISA190x170x8,ISA_Unequal,22.61
ISA190x170x10,ISA_Unequal,28.26
ISA190x180x5,ISA_Unequal,14.52
ISA190x180x6,ISA_Unequal,17.43
ISA190x180x8,ISA_Unequal,23.24
ISA190x180x10,ISA_Unequal,29.04
SHS50x50x3,SHS,4.71
SHS50x50x4,SHS,6.28
SHS50x50x5,SHS,7.85
SHS50x50x6,SHS,9.42
SHS50x50x8,SHS,12.56
SHS75x75x3,SHS,7.06
SHS75x75x4,SHS,9.42
SHS75x75x5,SHS,11.77
SHS75x75x6,SHS,14.13
SHS75x75x8,SHS,18.84
SHS100x100x3,SHS,9.42
SHS100x100x4,SHS,12.56
SHS100x100x5,SHS,15.7
SHS100x100x6,SHS,18.84
SHS100x100x8,SHS,25.12
SHS125x125x3,SHS,11.77
SHS125x125x4,SHS,15.7
SHS125x125x5,SHS,19.62
SHS125x125x6,SHS,23.55
SHS125x125x8,SHS,31.4
SHS150x150x3,SHS,14.13
SHS150x150x4,SHS,18.84
SHS150x150x5,SHS,23.55
SHS150x150x6,SHS,28.26
SHS150x150x8,SHS,37.68
SHS175x175x3,SHS,16.48
SHS175x175x4,SHS,21.98
SHS175x175x5,SHS,27.47
SHS175x175x6,SHS,32.97
SHS175x175x8,SHS,43.96
SHS200x200x3,SHS,18.84
SHS200x200x4,SHS,25.12
SHS200x200x5,SHS,31.4
SHS200x200x6,SHS,37.68
SHS200x200x8,SHS,50.24
SHS225x225x3,SHS,21.19
SHS225x225x4,SHS,28.26
SHS225x225x5,SHS,35.32
SHS225x225x6,SHS,42.39
SHS225x225x8,SHS,56.52
SHS250x250x3,SHS,23.55
SHS250x250x4,SHS,31.4
SHS250x250x5,SHS,39.25
SHS250x250x6,SHS,47.1
SHS250x250x8,SHS,62.8
SHS275x275x3,SHS,25.9
SHS275x275x4,SHS,34.54
SHS275x275x5,SHS,43.17
SHS275x275x6,SHS,51.81
SHS275x275x8,SHS,69.08
SHS300x300x3,SHS,28.26
SHS300x300x4,SHS,37.68
SHS300x300x5,SHS,47.1
SHS300x300x6,SHS,56.52
SHS300x300x8,SHS,75.36
RHS100x50x3,RHS,7.06
RHS100x50x4,RHS,9.42
RHS100x50x5,RHS,11.77
RHS100x50x6,RHS,14.13
RHS100x50x8,RHS,18.84
RHS150x50x3,RHS,9.42
RHS150x50x4,RHS,12.56
RHS150x50x5,RHS,15.7
RHS150x50x6,RHS,18.84
RHS150x50x8,RHS,25.12
RHS150x100x3,RHS,11.77
RHS150x100x4,RHS,15.7
RHS150x100x5,RHS,19.62
RHS150x100x6,RHS,23.55
RHS150x100x8,RHS,31.4
RHS200x50x3,RHS,11.77
RHS200x50x4,RHS,15.7
RHS200x50x5,RHS,19.62
RHS200x50x6,RHS,23.55
RHS200x50x8,RHS,31.4
RHS200x100x3,RHS,14.13
RHS200x100x4,RHS,18.84
RHS200x100x5,RHS,23.55
RHS200x100x6,RHS,28.26
RHS200x100x8,RHS,37.68
RHS200x150x3,RHS,16.48
RHS200x150x4,RHS,21.98
RHS200x150x5,RHS,27.47
RHS200x150x6,RHS,32.97
RHS200x150x8,RHS,43.96
RHS250x50x3,RHS,14.13
RHS250x50x4,RHS,18.84
RHS250x50x5,RHS,23.55
RHS250x50x6,RHS,28.26
RHS250x50x8,RHS,37.68
RHS250x100x3,RHS,16.48
RHS250x100x4,RHS,21.98
RHS250x100x5,RHS,27.47
RHS250x100x6,RHS,32.97
RHS250x100x8,RHS,43.96
RHS250x150x3,RHS,18.84
RHS250x150x4,RHS,25.12
RHS250x150x5,RHS,31.4
RHS250x150x6,RHS,37.68
RHS250x150x8,RHS,50.24
RHS250x200x3,RHS,21.19
RHS250x200x4,RHS,28.26
RHS250x200x5,RHS,35.32
RHS250x200x6,RHS,42.39
RHS250x200x8,RHS,56.52
RHS300x50x3,RHS,16.48
RHS300x50x4,RHS,21.98
RHS300x50x5,RHS,27.47
RHS300x50x6,RHS,32.97
RHS300x50x8,RHS,43.96
RHS300x100x3,RHS,18.84
RHS300x100x4,RHS,25.12
RHS300x100x5,RHS,31.4
RHS300x100x6,RHS,37.68
RHS300x100x8,RHS,50.24
RHS300x150x3,RHS,21.19
RHS300x150x4,RHS,28.26
RHS300x150x5,RHS,35.32
RHS300x150x6,RHS,42.39
RHS300x150x8,RHS,56.52
RHS300x200x3,RHS,23.55
RHS300x200x4,RHS,31.4
RHS300x200x5,RHS,39.25
RHS300x200x6,RHS,47.1
RHS300x200x8,RHS,62.8
RHS300x250x3,RHS,25.9
RHS300x250x4,RHS,34.54
RHS300x250x5,RHS,43.17
RHS300x250x6,RHS,51.81
RHS300x250x8,RHS,69.08
RHS350x50x3,RHS,18.84
RHS350x50x4,RHS,25.12
RHS350x50x5,RHS,31.4
RHS350x50x6,RHS,37.68
RHS350x50x8,RHS,50.24
RHS350x100x3,RHS,21.19
RHS350x100x4,RHS,28.26
RHS350x100x5,RHS,35.32
RHS350x100x6,RHS,42.39
RHS350x100x8,RHS,56.52
RHS350x150x3,RHS,23.55
RHS350x150x4,RHS,31.4
RHS350x150x5,RHS,39.25
RHS350x150x6,RHS,47.1
RHS350x150x8,RHS,62.8
RHS350x200x3,RHS,25.9
RHS350x200x4,RHS,34.54
RHS350x200x5,RHS,43.17
RHS350x200x6,RHS,51.81
RHS350x200x8,RHS,69.08
RHS350x250x3,RHS,28.26
RHS350x250x4,RHS,37.68
RHS350x250x5,RHS,47.1
RHS350x250x6,RHS,56.52
RHS350x250x8,RHS,75.36
RHS350x300x3,RHS,30.61
RHS350x300x4,RHS,40.82
RHS350x300x5,RHS,51.02
RHS350x300x6,RHS,61.23
RHS350x300x8,RHS,81.64
RHS400x50x3,RHS,21.19
RHS400x50x4,RHS,28.26
RHS400x50x5,RHS,35.32
RHS400x50x6,RHS,42.39
RHS400x50x8,RHS,56.52
RHS400x100x3,RHS,23.55
RHS400x100x4,RHS,31.4
RHS400x100x5,RHS,39.25
RHS400x100x6,RHS,47.1
RHS400x100x8,RHS,62.8
RHS400x150x3,RHS,25.9
RHS400x150x4,RHS,34.54
RHS400x150x5,RHS,43.17
RHS400x150x6,RHS,51.81
RHS400x150x8,RHS,69.08
RHS400x200x3,RHS,28.26
RHS400x200x4,RHS,37.68
RHS400x200x5,RHS,47.1
RHS400x200x6,RHS,56.52
RHS400x200x8,RHS,75.36
RHS400x250x3,RHS,30.61
RHS400x250x4,RHS,40.82
RHS400x250x5,RHS,51.02
RHS400x250x6,RHS,61.23
RHS400x250x8,RHS,81.64
RHS400x300x3,RHS,32.97
RHS400x300x4,RHS,43.96
RHS400x300x5,RHS,54.95
RHS400x300x6,RHS,65.94
RHS400x300x8,RHS,87.92
RHS400x350x3,RHS,35.32
RHS400x350x4,RHS,47.1
RHS400x350x5,RHS,58.87
RHS400x350x6,RHS,70.65
RHS400x350x8,RHS,94.2
OD20x2,Round,0.89
OD20x3,Round,1.26
OD20x4,Round,1.58
OD20x5,Round,1.85
OD20x6,Round,2.07
OD20x8,Round,2.37
OD30x2,Round,1.38
OD30x3,Round,2
OD30x4,Round,2.56
OD30x5,Round,3.08
OD30x6,Round,3.55
OD30x8,Round,4.34
OD40x2,Round,1.87
OD40x3,Round,2.74
OD40x4,Round,3.55
OD40x5,Round,4.31
OD40x6,Round,5.03
OD40x8,Round,6.31
OD50x2,Round,2.37
OD50x3,Round,3.48
OD50x4,Round,4.54
OD50x5,Round,5.55
OD50x6,Round,6.51
OD50x8,Round,8.28
OD60x2,Round,2.86
OD60x3,Round,4.21
OD60x4,Round,5.52
OD60x5,Round,6.78
OD60x6,Round,7.99
OD60x8,Round,10.25
OD70x2,Round,3.35
OD70x3,Round,4.95
OD70x4,Round,6.51
OD70x5,Round,8.01
OD70x6,Round,9.47
OD70x8,Round,12.23
OD80x2,Round,3.85
OD80x3,Round,5.69
OD80x4,Round,7.49
OD80x5,Round,9.24
OD80x6,Round,10.94
OD80x8,Round,14.2
OD90x2,Round,4.34
OD90x3,Round,6.43
OD90x4,Round,8.48
OD90x5,Round,10.48
OD90x6,Round,12.42
OD90x8,Round,16.17
OD100x2,Round,4.83
OD100x3,Round,7.17
OD100x4,Round,9.47
OD100x5,Round,11.71
OD100x6,Round,13.9
OD100x8,Round,18.14
OD110x2,Round,5.32
OD110x3,Round,7.91
OD110x4,Round,10.45
OD110x5,Round,12.94
OD110x6,Round,15.38
OD110x8,Round,20.11
OD120x2,Round,5.82
OD120x3,Round,8.65
OD120x4,Round,11.44
OD120x5,Round,14.17
OD120x6,Round,16.86
OD120x8,Round,22.09
OD130x2,Round,6.31
OD130x3,Round,9.39
OD130x4,Round,12.42
OD130x5,Round,15.41
OD130x6,Round,18.34
OD130x8,Round,24.06
OD140x2,Round,6.8
OD140x3,Round,10.13
OD140x4,Round,13.41
OD140x5,Round,16.64
OD140x6,Round,19.82
OD140x8,Round,26.03
OD150x2,Round,7.3
OD150x3,Round,10.87
OD150x4,Round,14.4
OD150x5,Round,17.87
OD150x6,Round,21.3
OD150x8,Round,28
OD160x2,Round,7.79
OD160x3,Round,11.61
OD160x4,Round,15.38
OD160x5,Round,19.1
OD160x6,Round,22.78
OD160x8,Round,29.97
OD170x2,Round,8.28
OD170x3,Round,12.35
OD170x4,Round,16.37
OD170x5,Round,20.34
OD170x6,Round,24.25
OD170x8,Round,31.95
OD180x2,Round,8.78
OD180x3,Round,13.09
OD180x4,Round,17.35
OD180x5,Round,21.57
OD180x6,Round,25.73
OD180x8,Round,33.92
OD190x2,Round,9.27
OD190x3,Round,13.83
OD190x4,Round,18.34
OD190x5,Round,22.8
OD190x6,Round,27.21
OD190x8,Round,35.89
OD200x2,Round,9.76
OD200x3,Round,14.57
OD200x4,Round,19.32
OD200x5,Round,24.03
OD200x6,Round,28.69
OD200x8,Round,37.86
OD210x2,Round,10.25
OD210x3,Round,15.31
OD210x4,Round,20.31
OD210x5,Round,25.27
OD210x6,Round,30.17
OD210x8,Round,39.83
OD220x2,Round,10.75
OD220x3,Round,16.05
OD220x4,Round,21.3
OD220x5,Round,26.5
OD220x6,Round,31.65
OD220x8,Round,41.8
OD230x2,Round,11.24
OD230x3,Round,16.79
OD230x4,Round,22.28
OD230x5,Round,27.73
OD230x6,Round,33.13
OD230x8,Round,43.78
OD240x2,Round,11.73
OD240x3,Round,17.53
OD240x4,Round,23.27
OD240x5,Round,28.96
OD240x6,Round,34.61
OD240x8,Round,45.75
OD250x2,Round,12.23
OD250x3,Round,18.26
OD250x4,Round,24.25
OD250x5,Round,30.2
OD250x6,Round,36.09
OD250x8,Round,47.72
OD260x2,Round,12.72
OD260x3,Round,19
OD260x4,Round,25.24
OD260x5,Round,31.43
OD260x6,Round,37.57
OD260x8,Round,49.69
OD270x2,Round,13.21
OD270x3,Round,19.74
OD270x4,Round,26.23
OD270x5,Round,32.66
OD270x6,Round,39.04
OD270x8,Round,51.66
OD280x2,Round,13.7
OD280x3,Round,20.48
OD280x4,Round,27.21
OD280x5,Round,33.89
OD280x6,Round,40.52
OD280x8,Round,53.64
OD290x2,Round,14.2
OD290x3,Round,21.22
OD290x4,Round,28.2
OD290x5,Round,35.12
OD290x6,Round,42
OD290x8,Round,55.61
OD300x2,Round,14.69
OD300x3,Round,21.96
OD300x4,Round,29.18
OD300x5,Round,36.36
OD300x6,Round,43.48
OD300x8,Round,57.58
OD310x2,Round,15.18
OD310x3,Round,22.7
OD310x4,Round,30.17
OD310x5,Round,37.59
OD310x6,Round,44.96
OD310x8,Round,59.55
OD320x2,Round,15.68
OD320x3,Round,23.44
OD320x4,Round,31.16
OD320x5,Round,38.82
OD320x6,Round,46.44
OD320x8,Round,61.52
